Timestamp,Session_Name,Position,LEFT_EYE_X,LEFT_EYE_Y,LEFT_EYE_Z,LEFT_EYE_Visibility,RIGHT_EYE_X,RIGHT_EYE_Y,RIGHT_EYE_Z,RIGHT_EYE_Visibility,LEFT_EAR_X,LEFT_EAR_Y,LEFT_EAR_Z,LEFT_EAR_Visibility,RIGHT_EAR_X,RIGHT_EAR_Y,RIGHT_EAR_Z,RIGHT_EAR_Visibility,LEFT_SHOULDER_X,LEFT_SHOULDER_Y,LEFT_SHOULDER_Z,LEFT_SHOULDER_Visibility,RIGHT_SHOULDER_X,RIGHT_SHOULDER_Y,RIGHT_SHOULDER_Z,RIGHT_SHOULDER_Visibility,LEFT_HIP_X,LEFT_HIP_Y,LEFT_HIP_Z,LEFT_HIP_Visibility,RIGHT_HIP_X,RIGHT_HIP_Y,RIGHT_HIP_Z,RIGHT_HIP_Visibility
2026-08-21 17:39:04,Night_001,Back,0.567434,0.602905,-0.669634,0.999925,0.517298,0.605664,-0.665788,0.999859,0.588505,0.613691,-0.399635,0.999919,0.48645,0.613301,-0.382631,0.999923,0.658224,0.782578,-0.197942,0.999685,0.403781,0.760159,-0.134821,0.998924,0.609796,1.282093,-0.048614,0.001418,0.423861,1.277536,0.052025,0.001047
2026-08-21 17:39:07,Night_001,Left Side,0.511002,0.561772,-0.150467,0.997742,0.493722,0.562034,-0.076166,0.997872,0.557615,0.57196,-0.236792,0.998199,0.53101,0.571948,0.091686,0.998357,0.639773,0.733995,-0.40005,0.998253,0.517056,0.721108,0.294565,0.998822,0.588653,1.190866,-0.187436,0.25898,0.497779,1.137951,0.18776,0.412351
2026-08-21 17:39:08,Night_001,Back,0.530887,0.580642,0.136451,0.997973,0.545999,0.5789,0.171545,0.997498,0.548851,0.599988,-0.121018,0.998256,0.575416,0.596732,0.054479,0.998347,0.496706,0.770315,-0.259847,0.998119,0.698216,0.7581,0.124821,0.996297,0.492973,1.227681,-0.124396,0.555548,0.600113,1.253534,0.124476,0.598601
2026-08-21 17:39:08,Night_001,Left Side,0.542889,0.574912,0.359899,0.999366,0.571463,0.57282,0.38115,0.999262,0.53699,0.592472,0.111349,0.99941,0.590129,0.592129,0.205651,0.999524,0.497113,0.733621,-0.015363,0.996421,0.634832,0.737219,0.181504,0.994312,0.569795,1.219717,-0.077965,0.194932,0.617027,1.217737,0.079708,0.204579
2026-08-21 17:39:09,Night_001,Back,0.568308,0.591943,-0.119877,0.998255,0.557828,0.594998,-0.166863,0.997462,0.555526,0.591704,0.094861,0.998929,0.523718,0.60279,-0.114682,0.997605,0.595558,0.739235,0.209884,0.994179,0.41709,0.735503,-0.225689,0.993224,0.612398,1.136472,0.124649,0.486247,0.499211,1.183284,-0.122601,0.508197
2026-08-21 17:39:09,Night_001,Right Side,0.568485,0.57317,-0.160491,0.998857,0.554094,0.576735,-0.212429,0.998343,0.553017,0.5903,0.073126,0.999284,0.528141,0.600077,-0.243401,0.998468,0.599623,0.763631,0.227123,0.995468,0.509742,0.749843,-0.391563,0.98686,0.632067,1.176122,0.152429,0.380054,0.551187,1.201262,-0.150973,0.385073
2026-08-21 17:39:09,Night_001,Back,0.566266,0.572988,-0.239347,0.998906,0.553743,0.576515,-0.300832,0.998433,0.552476,0.590157,0.009996,0.999317,0.529364,0.599888,-0.286373,0.998571,0.614723,0.764003,0.201105,0.99551,0.486864,0.746511,-0.42183,0.986408,0.653621,1.175818,0.15045,0.346728,0.551234,1.200684,-0.148922,0.349782
2026-08-21 17:39:09,Night_001,Right Side,0.565872,0.569814,-0.234342,0.998899,0.554027,0.574503,-0.306492,0.998459,0.550473,0.587989,-0.002018,0.999297,0.529641,0.599483,-0.33399,0.998636,0.601039,0.764572,0.188354,0.995576,0.496849,0.75589,-0.489369,0.986793,0.652115,1.181664,0.155159,0.327603,0.554364,1.206204,-0.153637,0.325
2026-08-21 17:39:10,Night_001,Left Side,0.567837,0.563665,-0.053589,0.999118,0.570238,0.568019,-0.134219,0.998911,0.538586,0.587225,0.080125,0.999362,0.541159,0.596201,-0.293762,0.999041,0.481502,0.752804,0.266978,0.993141,0.570361,0.777779,-0.450686,0.989997,0.597356,1.194349,0.194523,0.266002,0.600323,1.227258,-0.193442,0.273597
2026-08-21 17:39:10,Night_001,Right Side,0.570429,0.556262,-0.206875,0.999441,0.575743,0.562225,-0.286668,0.999417,0.537711,0.585417,-0.066832,0.999503,0.541363,0.598019,-0.42638,0.9995,0.45426,0.747181,0.168191,0.992901,0.568394,0.822866,-0.566034,0.993756,0.552298,1.252462,0.200585,0.140796,0.622829,1.288685,-0.199666,0.136651
2026-08-21 17:39:10,Night_001,Left Side,0.556754,0.563226,-0.545908,0.999791,0.531013,0.570857,-0.603554,0.999827,0.532783,0.584563,-0.321884,0.99982,0.486285,0.600893,-0.562511,0.999855,0.469586,0.736217,-0.029265,0.996157,0.506216,0.809199,-0.609443,0.997796,0.594663,1.166414,0.170658,0.308224,0.584545,1.238218,-0.170118,0.308544
2026-08-21 17:39:11,Night_001,Right Side,0.545953,0.578357,-0.55878,0.999978,0.50929,0.583361,-0.613005,0.999986,0.536104,0.586028,-0.254022,0.999976,0.470377,0.598811,-0.490561,0.999988,0.523516,0.708375,0.069555,0.999453,0.435154,0.782905,-0.570672,0.999668,0.605266,1.141675,0.166006,0.389038,0.520342,1.204413,-0.164214,0.386659
2026-08-21 17:39:12,Night_001,Left Side,0.557833,0.579974,-0.609268,0.999722,0.541576,0.587304,-0.674423,0.999913,0.532642,0.587762,-0.422202,0.999723,0.491831,0.603581,-0.722358,0.999945,0.515434,0.7017,-0.164734,0.99894,0.459488,0.806166,-0.765605,0.999395,0.56667,1.108954,0.166509,0.433139,0.54162,1.190228,-0.165668,0.433691
2026-08-21 17:39:12,Night_001,Back,0.52726,0.590702,-0.413558,0.998165,0.505868,0.60057,-0.379723,0.9973,0.531105,0.596106,-0.252721,0.999024,0.507917,0.607988,-0.210073,0.998261,0.611653,0.786154,-0.22075,0.991998,0.487561,0.763799,-0.053084,0.98814,0.648902,1.259694,-0.111066,0.225103,0.529208,1.273136,0.112553,0.251448
2026-08-21 17:39:13,Night_001,Right Side,0.534528,0.621522,-0.362431,0.990884,0.52103,0.623228,-0.41727,0.985629,0.540848,0.610417,-0.147046,0.994871,0.499688,0.619337,-0.345701,0.984449,0.568488,0.754787,0.088869,0.991466,0.433283,0.748329,-0.376404,0.943895,0.592874,1.217972,0.141416,0.137689,0.495972,1.257702,-0.140596,0.144449
2026-08-21 17:39:13,Night_001,Back,0.520807,0.567604,0.217405,0.992933,0.55238,0.567449,0.233806,0.989534,0.504205,0.585012,-0.14915,0.995437,0.57277,0.586227,-0.050802,0.98869,0.41478,0.737857,-0.16436,0.991037,0.667225,0.773108,-0.121211,0.967249,0.520966,1.227532,-0.007675,0.197478,0.643622,1.232534,0.00888,0.186383
2026-08-21 17:39:13,Night_001,Right Side,0.541478,0.578573,0.115961,0.998672,0.551197,0.579612,0.176659,0.998328,0.560431,0.596497,-0.107355,0.998758,0.589519,0.60146,0.163748,0.99854,0.522768,0.774685,-0.284901,0.993084,0.69722,0.771598,0.334262,0.990195,0.529341,1.256307,-0.194721,0.133099,0.624241,1.289799,0.194909,0.121517
2026-08-21 17:39:14,Night_001,Left Side,0.568314,0.569148,-0.319491,0.999229,0.539364,0.560964,-0.26675,0.999052,0.608517,0.592461,-0.27443,0.999287,0.557644,0.576318,-0.036596,0.998792,0.635632,0.749076,-0.422916,0.994454,0.52048,0.723163,0.203721,0.990527,0.577274,1.22513,-0.163054,0.136784,0.459872,1.184055,0.163903,0.150442
2026-08-21 17:39:14,Night_001,Back,0.566382,0.569267,-0.304125,0.999254,0.538721,0.561204,-0.246109,0.99909,0.608098,0.591636,-0.284442,0.999327,0.557799,0.575839,-0.024311,0.998816,0.643336,0.747574,-0.424981,0.994829,0.522541,0.717715,0.213138,0.991382,0.583798,1.206522,-0.160233,0.133392,0.461377,1.167831,0.161244,0.156063
